Titulo,Idioma,Duración,Puntuación
Entrada al acuario de Sevilla,sin idioma,Libre.,sin puntuacion
Ruta de bares y tapas por Triana,Español,"2,5 horas","9,3"
Paseo a caballo por El Aljarafe,Español,4 horas,sin puntuacion
Espectáculo flamenco en Triana,sin idioma,1 hora.,sin puntuacion
Tour de tapas y flamenco,sin idioma,"3,5 horas.",sin puntuacion
Tour en Segway por Sevilla,Español,Hasta 2 horas.,"9,7"
Excursión a las marismas arroceras del Guadalquivir,Español,10 horas.,"8,0"
Paseo en yate por el Guadalquivir,Español,"1,5 hora.",10
Alquiler de motos en Sevilla,sin idioma,Opcional.,sin puntuacion
Visita guiada por el Museo de Bellas Artes,Español,"1,5 horas.",10
Tour cofrade en Semana Santa,Español,1 día.,10
Visita guiada por el Parque de María Luisa,Español,2 horas,"9,3"
Tour en kayak por Sevilla,Español,"2,5 horas","9,4"
Tour de la Semana Santa sevillana,Español,"2,5 horas.","9,6"
Tour de misterios y leyendas de Triana,Español,2 horas,"8,8"
Excursión a la Sierra de Aracena,Español,10 horas,10
Excursión al Caminito del Rey,Español,10 horas.,10
Excursión a Gibraltar,Español,10 horas,"7,3"
Tour privado por Sevilla ¡Tú eliges!,Español,"2,5 horas.",10
Excursión a Tánger,Español,14 horas,"7,2"
Excursión a Carmona,Español,4 horas,"8,7"
Paseo en calesa por Sevilla,sin idioma,45 minutos.,"9,1"
Tour por la Sevilla paranormal,Español,2 horas.,"8,0"
Visita guiada por la catedral de Sevilla,Español,1 hora y 30 minutos.,"8,0"
Excursión a Doñana,Español,10 horas,"9,2"
Excursión a Jerez y Cádiz,Español,10 horas,"8,0"
Visita a una ganadería de toros bravos,Español,5 horas,"9,1"
Excursión a Itálica,Español,4 horas,"8,9"
Excursión a Córdoba,Español,10 horas,"8,9"
Tour en bicicleta por Sevilla,Español,3 horas,"9,7"
Visita guiada por el Alcázar,Español,1 hora.,"9,4"
Show flamenco en El Palacio Andaluz,sin idioma,"1,5 horas","9,2"
Excursión a los pueblos blancos y Ronda,Español,10 horas,"8,6"
Excursión a La Alhambra de Granada,Español,13 horas.,"8,8"
Paseo en barco por Sevilla,Español,1 hora,"8,0"
Tour de misterios y leyendas por Sevilla,Español,2 horas,"9,5"
Free tour por Sevilla ¡Gratis!,Español,2 horas.,"9,6"
"Tour por Sevilla + Alcázar, Catedral y Giralda",Español,3.5 horas.,"9,1"
sin titulo,sin idioma,sin duracion,"9,6"
